    [
    {
        "tranMethod" : "MATM1",
        "tranID": "M3D5FTQALJ",
        "tranDate": "05-12-2020",
        "tranType": "BE",
        "tranAmount": "0.00",
        "tranStatus" : "FAIL"
    },
    {
        "tranMethod" : "AEPS2",
        "tranID": "F4COQQJHEK",
        "tranDate": "27-10-2020",
        "tranType": "CW",
        "tranAmount": "123.00",
        "tranStatus" : "SUCCESS"
    },
    {
        "tranMethod" : "MATM2",
        "tranID": "P4DTPML83Y",
        "tranDate": "25-02-2020",
        "tranType": "CW",
        "tranAmount": "999.00",
        "tranStatus" : "FAIL"
    },
    {
        "tranMethod" : "AEPS2",
        "tranID": "Q3V8NGYFOI",
        "tranDate": "01-02-2021",
        "tranType": "BE",
        "tranAmount": "0.00",
        "tranStatus" : "SUCCESS"
    },
    {
        "tranMethod" : "MATM2",
        "tranID": "OF793JIQ0M",
        "tranDate": "19-03-2021",
        "tranType": "CW",
        "tranAmount": "2314.00",
        "tranStatus" : "SUCCESS"
    },
    {
        "tranMethod" : "AEPS1",
        "tranID": "4SWGLEU5CA",
        "tranDate": "23-03-2020",
        "tranType": "CW",
        "tranAmount": "564.00",
        "tranStatus" : "FAIL"
    },
    {
        "tranMethod" : "AEPS1",
        "tranID": "PVMG3Y19UT",
        "tranDate": "09-02-2021",
        "tranType": "CW",
        "tranAmount": "512.00",
        "tranStatus" : "SUCCESS"
    },
    {
        "tranMethod" : "MATM1",
        "tranID": "9T3ORG4EX9",
        "tranDate": "18-01-2021",
        "tranType": "BE",
        "tranAmount": "0.00",
        "tranStatus" : "FAIL"
    },
    {
        "tranMethod" : "MATM2",
        "tranID": "BDTCDTPMB4",
        "tranDate": "18-08-2020",
        "tranType": "CW",
        "tranAmount": "3330.00",
        "tranStatus" : "SUCCESS"
    },
    {
        "tranMethod" : "MATM1",
        "tranID": "U84CRMT0TT",
        "tranDate": "10-01-2021",
        "tranType": "BE",
        "tranAmount": "0.00",
        "tranStatus" : "FAIL"
    },
    {
        "tranMethod" : "AEPS1",
        "tranID": "FRPFXLHR7Z",
        "tranDate": "01-02-2021",
        "tranType": "BE",
        "tranAmount": "0.00",
        "tranStatus" : "SUCCESS"
    },
    {
        "tranMethod" : "AEPS2",
        "tranID": "4U428H71Z7",
        "tranDate": "16-11-2020",
        "tranType": "BE",
        "tranAmount": "0.00",
        "tranStatus" : "SUCCESS"
    },
    {
        "tranMethod" : "MATM1",
        "tranID": "D1J96FNR8J",
        "tranDate": "28-12-2020",
        "tranType": "CW",
        "tranAmount": "280.00",
        "tranStatus" : "FAIL"
    },
    {
        "tranMethod" : "AEPS2",
        "tranID": "7LRPI03UTU",
        "tranDate": "10-04-2021",
        "tranType": "CW",
        "tranAmount": "295.00",
        "tranStatus" : "SUCCESS"
    },
    {
        "tranMethod" : "AEPS1",
        "tranID": "M04V27FTFA",
        "tranDate": "21-01-2021",
        "tranType": "BE",
        "tranAmount": "0.00",
        "tranStatus" : "SUCCESS"
    },
    {
        "tranMethod" : "MATM2",
        "tranID": "USKV1BQUZN",
        "tranDate": "01-05-2020",
        "tranType": "BE",
        "tranAmount": "0.00",
        "tranStatus" : "FAIL"
    },
    {
        "tranMethod" : "AEPS1",
        "tranID": "9MTWJJYDJT",
        "tranDate": "01-01-2020",
        "tranType": "BE",
        "tranAmount": "0.00",
        "tranStatus" : "SUCCESS"
    },
    {
        "tranMethod" : "AEPS2",
        "tranID": "M4YL3O0T0Y",
        "tranDate": "01-04-2021",
        "tranType": "CW",
        "tranAmount": "200.00",
        "tranStatus" : "FAIL"
    },
    {
        "tranMethod" : "MATM1",
        "tranID": "FPZQSKMRJ7",
        "tranDate": "17-06-2020",
        "tranType": "CW",
        "tranAmount": "400.00",
        "tranStatus" : "SUCCESS"
    },
    {
        "tranMethod" : "MATM2",
        "tranID": "M0C9HKQFRY",
        "tranDate": "01-04-2021",
        "tranType": "BE",
        "tranAmount": "0.00",
        "tranStatus" : "SUCCESS"
    },
    {
        "tranMethod" : "AEPS1",
        "tranID": "SYMJNVJXAR",
        "tranDate": "23-03-2020",
        "tranType": "CW",
        "tranAmount": "777.00",
        "tranStatus" : "SUCCESS"
    },
    {
        "tranMethod" : "MATM1",
        "tranID": "YYJS3R2P9O",
        "tranDate": "18-10-2020",
        "tranType": "BE",
        "tranAmount": "0.00",
        "tranStatus" : "FAIL"
    },
    {
        "tranMethod" : "AEPS2",
        "tranID": "1CSH8Q53AB",
        "tranDate": "18-01-2020",
        "tranType": "BE",
        "tranAmount": "0.00",
        "tranStatus" : "SUCCESS"
    },
    {
        "tranMethod" : "AEPS1",
        "tranID": "SEB3KDQKZP",
        "tranDate": "11-03-2021",
        "tranType": "CW",
        "tranAmount": "100.00",
        "tranStatus" : "FAIL"
    },
    {
        "tranMethod" : "MATM2",
        "tranID": "0708EEWRGV",
        "tranDate": "30-08-2020",
        "tranType": "CW",
        "tranAmount": "643.00",
        "tranStatus" : "SUCCESS"
    }
]